t,V,theta,r,phi,alpha,m
0.0000000000,1.0000000000,0.0000000000,1.0000000000,0.0000000000,-0.6397822818,1.0000000000
0.0000316979,1.0000020343,-0.0000015139,1.0000000000,0.0000316979,-0.6397890076,0.9999999842
0.0000633957,1.0000040687,-0.0000030276,0.9999999999,0.0000633959,-0.6397957334,0.9999999683
0.0000950936,1.0000061031,-0.0000045413,0.9999999998,0.0000950939,-0.6398024591,0.9999999525
0.0001267915,1.0000081375,-0.0000060548,0.9999999996,0.0001267920,-0.6398091849,0.9999999366
0.0002852808,1.0000183103,-0.0000136207,0.9999999981,0.0002852834,-0.6398428141,0.9999998574
0.0004437701,1.0000284840,-0.0000211836,0.9999999953,0.0004437764,-0.6398764434,0.9999997781
0.0006022594,1.0000386587,-0.0000287436,0.9999999913,0.0006022711,-0.6399100729,0.9999996989
0.0007607487,1.0000488343,-0.0000363005,0.9999999862,0.0007607673,-0.6399437027,0.9999996196
0.0015531953,1.0000997264,-0.0000740411,0.9999999425,0.0015532728,-0.6401118549,0.9999992234
0.0023456419,1.0001506421,-0.0001117077,0.9999998688,0.0023458187,-0.6402800125,0.9999988272
0.0031380885,1.0002015812,-0.0001493003,0.9999997654,0.0031384049,-0.6404481756,0.9999984310
0.0039305351,1.0002525438,-0.0001868189,0.9999996322,0.0039310317,-0.6406163441,0.9999980347
0.0078927681,1.0005077056,-0.0003733012,0.9999985215,0.0078947739,-0.6414572685,0.9999960536
0.0118550011,1.0007634437,-0.0005579315,0.9999966748,0.0118595338,-0.6422983284,0.9999940725
0.0158172341,1.0010197504,-0.0007407085,0.9999940991,0.0158253165,-0.6431395229,0.9999920914
0.0197794670,1.0012766183,-0.0009216306,0.9999908014,0.0197921271,-0.6439808511,0.9999901103
0.0306174035,1.0019820375,-0.0014070225,0.9999781491,0.0306478747,-0.6462828217,0.9999846913
0.0414553400,1.0026914441,-0.0018785002,0.9999602904,0.0415114481,-0.6485857700,0.9999792723
0.0522932766,1.0034046836,-0.0023360384,0.9999373695,0.0523829435,-0.6508896789,0.9999738534
0.0631312131,1.0041216012,-0.0027796140,0.9999095307,0.0632624542,-0.6531945314,0.9999684344
0.0749074619,1.0049045762,-0.0032457391,0.9998738759,0.0750930682,-0.6556999801,0.9999625463
0.0866837107,1.0056915122,-0.0036953277,0.9998327730,0.0869333642,-0.6582065008,0.9999566581
0.0984599595,1.0064822103,-0.0041283565,0.9997864092,0.0987834503,-0.6607140716,0.9999507700
0.1102362083,1.0072764714,-0.0045448044,0.9997349727,0.1106434302,-0.6632226706,0.9999448819
0.1227024657,1.0081209317,-0.0049675661,0.9996752048,0.1232092159,-0.6658793526,0.9999386488
0.1351687232,1.0089689249,-0.0053717067,0.9996101885,0.1357863134,-0.6685371363,0.9999324156
0.1476349807,1.0098202144,-0.0057572098,0.9995401493,0.1483748306,-0.6711959959,0.9999261825
0.1601012382,1.0106745634,-0.0061240620,0.9994653135,0.1609748700,-0.6738559052,0.9999199494
0.1738167163,1.0116177770,-0.0065061151,0.9993777077,0.1748509637,-0.6767835411,0.9999130916
0.1875321945,1.0125640914,-0.0068655695,0.9992848736,0.1887412438,-0.6797123817,0.9999062339
0.2012476727,1.0135131909,-0.0072024195,0.9991871154,0.2026458240,-0.6826423925,0.9998993762
0.2149631509,1.0144647595,-0.0075166639,0.9990847381,0.2165648101,-0.6855735389,0.9998925184
0.2319624323,1.0156471089,-0.0078747785,0.9989518975,0.2338364622,-0.6892079937,0.9998840188
0.2489617136,1.0168321640,-0.0081981871,0.9988130155,0.2511305628,-0.6928440741,0.9998755191
0.2659609950,1.0180193232,-0.0084869148,0.9986686782,0.2684472616,-0.6964817141,0.9998670195
0.2829602763,1.0192079848,-0.0087409973,0.9985194730,0.2857866887,-0.7001208480,0.9998585199
0.2957459678,1.0201026409,-0.0089092997,0.9984043997,0.2988432581,-0.7028588989,0.9998521270
0.3085316592,1.0209975510,-0.0090580523,0.9982871569,0.3119127876,-0.7055977297,0.9998457342
0.3213173506,1.0218924595,-0.0091872817,0.9981679963,0.3249953107,-0.7083373122,0.9998393413
0.3341030421,1.0227871108,-0.0092970180,0.9980471696,0.3380908544,-0.7110776185,0.9998329485
0.3468887335,1.0236812499,-0.0093872942,0.9979249289,0.3511994393,-0.7138186205,0.9998265556
0.3596744249,1.0245746217,-0.0094581471,0.9978015266,0.3643210795,-0.7165602903,0.9998201628
0.3724601164,1.0254669715,-0.0095096165,0.9976772153,0.3774557827,-0.7193025999,0.9998137699
0.3852458078,1.0263580449,-0.0095417455,0.9975522477,0.3906035502,-0.7220455211,0.9998073771
0.3967952418,1.0271616513,-0.0095541810,0.9974390094,0.4024912770,-0.7245237299,0.9998016024
0.4083446758,1.0279638220,-0.0095509099,0.9973256282,0.4143896511,-0.7270023944,0.9997958277
0.4198941098,1.0287643703,-0.0095319711,0.9972122905,0.4262986594,-0.7294814938,0.9997900529
0.4314435438,1.0295631099,-0.0094974057,0.9970991827,0.4382182848,-0.7319610076,0.9997842782
0.4422811324,1.0303108089,-0.0094507976,0.9969934213,0.4494128844,-0.7342880559,0.9997788594
0.4531187211,1.0310565981,-0.0093905054,0.9968881803,0.4606167920,-0.7366154337,0.9997734406
0.4639563097,1.0318003245,-0.0093165683,0.9967836135,0.4718299827,-0.7389431241,0.9997680218
0.4747938983,1.0325418353,-0.0092290273,0.9966798746,0.4830524280,-0.7412711099,0.9997626031
0.4851596288,1.0332488479,-0.0091326088,0.9965815686,0.4937948886,-0.7434979982,0.9997574202
0.4955253594,1.0339535612,-0.0090238230,0.9964842946,0.5045457557,-0.7457251263,0.9997522373
0.5058910899,1.0346558425,-0.0089027103,0.9963881869,0.5153049954,-0.7479524793,0.9997470545
0.5162568204,1.0353555595,-0.0087693123,0.9962933793,0.5260725711,-0.7501800421,0.9997418716
0.5262677392,1.0360287677,-0.0086288591,0.9962031765,0.5364794560,-0.7523315423,0.9997368661
0.5362786580,1.0366993424,-0.0084770277,0.9961144314,0.5468940409,-0.7544832109,0.9997318607
0.5462895767,1.0373671656,-0.0083138593,0.9960272641,0.5573162850,-0.7566350345,0.9997268552
0.5563004955,1.0380321193,-0.0081393967,0.9959417945,0.5677461450,-0.7587869996,0.9997218498
0.5660267134,1.0386753027,-0.0079591202,0.9958604950,0.5778866405,-0.7608778877,0.9997169866
0.5757529312,1.0393155595,-0.0077682653,0.9957810205,0.5880342373,-0.7629688843,0.9997121235
0.5854791491,1.0399527826,-0.0075668747,0.9957034803,0.5981888886,-0.7650599772,0.9997072604
0.5952053670,1.0405868654,-0.0073549918,0.9956279833,0.6083505456,-0.7671511540,0.9997023973
0.6046945149,1.0412023650,-0.0071382044,0.9955563997,0.6182712218,-0.7691914289,0.9996976527
0.6141836627,1.0418146764,-0.0069115150,0.9954869654,0.6281984680,-0.7712317604,0.9996929082
0.6236728106,1.0424237016,-0.0066749671,0.9954197807,0.6381322325,-0.7732721371,0.9996881636
0.6331619585,1.0430293434,-0.0064286052,0.9953549460,0.6480724617,-0.7753125476,0.9996834190
0.6424488726,1.0436187083,-0.0061780351,0.9952938645,0.6578070493,-0.7773094944,0.9996787756
0.6517357868,1.0442046490,-0.0059181519,0.9952352229,0.6675477214,-0.7793064518,0.9996741321
0.6610227010,1.0447870754,-0.0056490001,0.9951791143,0.6772944216,-0.7813034091,0.9996694886
0.6703096151,1.0453658979,-0.0053706251,0.9951256315,0.6870470922,-0.7833003555,0.9996648452
0.6794210781,1.0459301965,-0.0050885905,0.9950758004,0.6966212568,-0.7852595542,0.9996602895
0.6885325411,1.0464908563,-0.0047977668,0.9950286728,0.7062010523,-0.7872187220,0.9996557337
0.6976440041,1.0470477939,-0.0044981997,0.9949843356,0.7157864188,-0.7891778488,0.9996511780
0.7067554671,1.0476009264,-0.0041899351,0.9949428750,0.7253772946,-0.7911369243,0.9996466223
0.7157128438,1.0481409156,-0.0038784512,0.9949050030,0.7348112854,-0.7930628098,0.9996421436
0.7246702205,1.0486770696,-0.0035586524,0.9948700759,0.7442504774,-0.7949886263,0.9996376649
0.7336275971,1.0492093109,-0.0032305850,0.9948381745,0.7536948071,-0.7969143644,0.9996331862
0.7425849738,1.0497375626,-0.0028942959,0.9948093797,0.7631442096,-0.7988400142,0.9996287075
0.7514058049,1.0502537883,-0.0025551450,0.9947841378,0.7724544585,-0.8007362141,0.9996242971
0.7602266360,1.0507659982,-0.0022081137,0.9947620628,0.7817694967,-0.8026323100,0.9996198867
0.7690474670,1.0512741200,-0.0018532490,0.9947432308,0.7910892576,-0.8045282927,0.9996154763
0.7778682981,1.0517780822,-0.0014905986,0.9947277172,0.8004136730,-0.8064241529,0.9996110659
0.7865673263,1.0522709420,-0.0011253779,0.9947157415,0.8096138224,-0.8082937052,0.9996067163
0.7952663545,1.0527596192,-0.0007526793,0.9947071383,0.8188183628,-0.8101631207,0.9996023668
0.8039653826,1.0532440464,-0.0003725504,0.9947019792,0.8280272247,-0.8120323905,0.9995980173
0.8126644108,1.0537241568,0.0000149604,0.9947003352,0.8372403371,-0.8139015058,0.9995936678
0.8212542702,1.0541939413,0.0004048038,0.9947022301,0.8463419294,-0.8157470044,0.9995893729
0.8298441295,1.0546593887,0.0008017492,0.9947076890,0.8554475248,-0.8175923353,0.9995850779
0.8384339889,1.0551204360,0.0012057484,0.9947167791,0.8645570511,-0.8194374899,0.9995807830
0.8470238482,1.0555770210,0.0016167522,0.9947295674,0.8736704350,-0.8212824599,0.9995764881
0.8555155475,1.0560239416,0.0020298958,0.9947459095,0.8826833947,-0.8231061567,0.9995722422
0.8640072468,1.0564663817,0.0024497878,0.9947659945,0.8916999778,-0.8249296564,0.9995679964
0.8724989460,1.0569042825,0.0028763793,0.9947898856,0.9007201098,-0.8267529510,0.9995637505
0.8809906453,1.0573375857,0.0033096204,0.9948176458,0.9097437148,-0.8285760321,0.9995595047
0.8893939140,1.0577617942,0.0037448469,0.9948489872,0.9186766936,-0.8303799099,0.9995553030
0.8977971827,1.0581813887,0.0041864871,0.9948842390,0.9276129225,-0.8321835627,0.9995511014
0.9062004514,1.0585963143,0.0046344912,0.9949234609,0.9365523246,-0.8339869825,0.9995468998
0.9146037201,1.0590065169,0.0050888090,0.9949667122,0.9454948221,-0.8357901614,0.9995426981
0.9229272685,1.0594081191,0.0055449910,0.9950135833,0.9543554576,-0.8375759886,0.9995385364
0.9312508170,1.0598049829,0.0060072680,0.9950645224,0.9632189746,-0.8393615639,0.9995343746
0.9395743654,1.0601970575,0.0064755896,0.9951195857,0.9720852944,-0.8411468796,0.9995302128
0.9478979138,1.0605842920,0.0069499051,0.9951788291,0.9809543370,-0.8429319279,0.9995260510
0.9561496285,1.0609633579,0.0074259932,0.9952417421,0.9897494461,-0.8447012994,0.9995219252
0.9644013432,1.0613375698,0.0079078714,0.9953088714,0.9985470721,-0.8464703931,0.9995177993
0.9726530578,1.0617068798,0.0083954889,0.9953802703,1.0073471341,-0.8482392013,0.9995136735
0.9809047725,1.0620712412,0.0088887944,0.9954559913,1.0161495505,-0.8500077166,0.9995095476
0.9890918641,1.0624278124,0.0093838070,0.9955354423,1.0248852764,-0.8517620849,0.9995054541
0.9972789558,1.0627794214,0.0098843170,0.9956192500,1.0336231570,-0.8535161500,0.9995013605
1.0054660474,1.0631260241,0.0103902730,0.9957074644,1.0423631099,-0.8552699046,0.9994972670
1.0136531391,1.0634675766,0.0109016233,0.9958001352,1.0511050516,-0.8570233414,0.9994931734
1.0219238347,1.0638074452,0.0114236194,0.9958983272,1.0599381970,-0.8587943535,0.9994890381
1.0301945304,1.0641420723,0.0119510130,0.9960011672,1.0687731984,-0.8605650262,0.9994849027
1.0384652261,1.0644714145,0.0124837496,0.9961087050,1.0776099673,-0.8623353518,0.9994807674
1.0467359217,1.0647954293,0.0130217741,0.9962209897,1.0864484142,-0.8641053227,0.9994766320
1.0552513975,1.0651234231,0.0135811885,0.9963416084,1.0955501025,-0.8659272994,0.9994723743
1.0637668733,1.0654456800,0.0141460888,0.9964673631,1.1046533744,-0.8677488838,0.9994681166
1.0722823490,1.0657621556,0.0147164136,0.9965983056,1.1137581295,-0.8695700676,0.9994638588
1.0807978248,1.0660728062,0.0152921011,0.9967344873,1.1228642666,-0.8713908427,0.9994596011
1.0895408206,1.0663856515,0.0158886843,0.9968798115,1.1322150358,-0.8732598319,0.9994552296
1.0982838163,1.0666922657,0.0164907872,0.9970307660,1.1415670424,-0.8751283726,0.9994508581
1.1070268121,1.0669926041,0.0170983416,0.9971874042,1.1509201739,-0.8769964557,0.9994464866
1.1157698078,1.0672866227,0.0177112788,0.9973497789,1.1602743169,-0.8788640722,0.9994421151
1.1247260445,1.0675812147,0.0183446745,0.9975221163,1.1698575358,-0.8807767467,0.9994376370
1.1336822811,1.0678690846,0.0189835716,0.9977005831,1.1794415721,-0.8826889125,0.9994331589
1.1426385177,1.0681501880,0.0196278946,0.9978852336,1.1890263009,-0.8846005601,0.9994286807
1.1515947543,1.0684244815,0.0202775681,0.9980761213,1.1986115964,-0.8865116799,0.9994242026
1.1607533768,1.0686978868,0.0209473762,0.9982778278,1.2084139466,-0.8884654297,0.9994196233
1.1699119992,1.0689640824,0.0216226177,0.9984861671,1.2182166203,-0.8904186072,0.9994150440
1.1790706216,1.0692230252,0.0223032105,0.9987011940,1.2280194799,-0.8923712020,0.9994104647
1.1882292441,1.0694746732,0.0229890717,0.9989229619,1.2378223871,-0.8943232039,0.9994058854
1.1975822069,1.0697240897,0.0236948373,0.9991564477,1.2478332104,-0.8963160034,0.9994012089
1.2069351697,1.0699658135,0.0244059217,0.9993970737,1.2578437886,-0.8983081629,0.9993965324
1.2162881326,1.0701998032,0.0251222352,0.9996448943,1.2678539716,-0.9002996714,0.9993918559
1.2256410954,1.0704260189,0.0258436880,0.9998999623,1.2778636083,-0.9022905178,0.9993871795
1.2351827251,1.0706487469,0.0265848961,1.0001676979,1.2880744375,-0.9043208298,0.9993824086
1.2447243548,1.0708633041,0.0273312627,1.0004430847,1.2982843777,-0.9063504298,0.9993776378
1.2542659845,1.0710696519,0.0280826910,1.0007261756,1.3084932657,-0.9083793061,0.9993728670
1.2638076142,1.0712677534,0.0288390840,1.0010170225,1.3187009377,-0.9104074471,0.9993680962
1.2735343012,1.0714611723,0.0296151561,1.0013215458,1.3291051624,-0.9124741544,0.9993632328
1.2832609883,1.0716459484,0.0303961823,1.0016342340,1.3395077771,-0.9145400732,0.9993583695
1.2929876754,1.0718220469,0.0311820586,1.0019551382,1.3499086055,-0.9166051911,0.9993535062
1.3027143624,1.0719894344,0.0319726807,1.0022843083,1.3603074710,-0.9186694958,0.9993486428
1.3126243430,1.0721509846,0.0327829739,1.0026282327,1.3709000943,-0.9207718519,0.9993436878
1.3225343235,1.0723034273,0.0335979736,1.0029808379,1.3814903074,-0.9228733381,0.9993387328
1.3324443041,1.0724467321,0.0344175685,1.0033421725,1.3920779212,-0.9249739412,0.9993337778
1.3423542846,1.0725808702,0.0352416466,1.0037122837,1.4026627462,-0.9270736481,0.9993288229
1.3524474936,1.0727080377,0.0360854541,1.0040983070,1.4134402135,-0.9292112426,0.9993237763
1.3625407025,1.0728256413,0.0369336775,1.0044935287,1.4242143891,-0.9313478803,0.9993187296
1.3726339115,1.0729336558,0.0377861980,1.0048979944,1.4349850710,-0.9334835473,0.9993136830
1.3827271204,1.0730320577,0.0386428966,1.0053117478,1.4457520567,-0.9356182299,0.9993086364
1.3930050990,1.0731223606,0.0395194482,1.0057426634,1.4567121386,-0.9377909648,0.9993034975
1.4032830777,1.0732026523,0.0404000824,1.0061832967,1.4676679630,-0.9399626502,0.9992983585
1.4135610563,1.0732729140,0.0412846729,1.0066336889,1.4786193149,-0.9421332713,0.9992932195
1.4238390349,1.0733331285,0.0421730931,1.0070938796,1.4895659793,-0.9443028138,0.9992880805
1.4343048840,1.0733841035,0.0430815572,1.0075725902,1.5007076976,-0.9465108896,0.9992828476
1.4447707331,1.0734246308,0.0439937273,1.0080615384,1.5118441048,-0.9487178165,0.9992776146
1.4552365822,1.0734546985,0.0449094697,1.0085607607,1.5229749731,-0.9509235790,0.9992723817
1.4657024313,1.0734742965,0.0458286503,1.0090702917,1.5341000751,-0.9531281619,0.9992671488
1.4763608060,1.0734834867,0.0467681352,1.0095998247,1.5454236682,-0.9553720710,0.9992618196
1.4870191806,1.0734818041,0.0477109057,1.0101401158,1.5567408045,-0.9576147244,0.9992564904
1.4976775553,1.0734692449,0.0486568206,1.0106911959,1.5680512438,-0.9598561060,0.9992511612
1.5083359299,1.0734458072,0.0496057386,1.0112530937,1.5793547463,-0.9620961994,0.9992458320
1.5191930740,1.0734107480,0.0505752945,1.0118366205,1.5908616694,-0.9643767274,0.9992404035
1.5300502181,1.0733644039,0.0515476710,1.0124314263,1.6023608930,-0.9666558849,0.9992349749
1.5409073623,1.0733067797,0.0525227191,1.0130375355,1.6138521649,-0.9689336546,0.9992295463
1.5517645064,1.0732378829,0.0535002901,1.0136549700,1.6253352330,-0.9712100193,0.9992241177
1.5628283285,1.0731560878,0.0544989119,1.0142958295,1.6370281947,-0.9735282542,0.9992185858
1.5738921505,1.0730626092,0.0554998427,1.0149484892,1.6487121114,-0.9758449942,0.9992130539
1.5849559726,1.0729574622,0.0565029259,1.0156129657,1.6603867186,-0.9781602212,0.9992075220
1.5960197946,1.0728406641,0.0575080055,1.0162892735,1.6720517531,-0.9804739170,0.9992019901
1.6072999882,1.0727096072,0.0585346350,1.0169910008,1.6839347894,-0.9828312659,0.9991963500
1.6185801818,1.0725664833,0.0595630134,1.0177050495,1.6958073248,-0.9851869849,0.9991907099
1.6298603754,1.0724113183,0.0605929767,1.0184314279,1.7076690836,-0.9875410550,0.9991850698
1.6411405690,1.0722441408,0.0616243613,1.0191701415,1.7195197911,-0.9898934568,0.9991794297
1.6526487864,1.0720612371,0.0626778907,1.0199365029,1.7315983831,-0.9922916722,0.9991736756
1.6641570038,1.0718658984,0.0637325577,1.0207157076,1.7436648996,-0.9946881107,0.9991679215
1.6756652212,1.0716581631,0.0647881907,1.0215077538,1.7557190536,-0.9970827521,0.9991621674
1.6871734386,1.0714380721,0.0658446191,1.0223126374,1.7677605602,-0.9994755758,0.9991564133
1.6989235293,1.0712006526,0.0669238948,1.0231476753,1.7800418050,-1.0019167939,0.9991505382
1.7106736200,1.0709504470,0.0680036422,1.0239960789,1.7923092701,-1.0043560741,0.9991446632
1.7224237107,1.0706875072,0.0690836824,1.0248578355,1.8045626582,-1.0067933947,0.9991387881
1.7341738014,1.0704118874,0.0701638372,1.0257329298,1.8168016740,-1.0092287338,0.9991329131
1.7461821327,1.0701171688,0.0712676654,1.0266410185,1.8292945219,-1.0117155264,0.9991269089
1.7581904641,1.0698093304,0.0723712406,1.0275629967,1.8417717432,-1.0142002037,0.9991209048
1.7701987954,1.0694884388,0.0734743761,1.0284988393,1.8542330308,-1.0166827424,0.9991149006
1.7822071267,1.0691545633,0.0745768865,1.0294485186,1.8666780804,-1.0191631193,0.9991088964
1.7944930157,1.0687996085,0.0757040412,1.0304344367,1.8793936621,-1.0216985655,0.9991027535
1.8067789046,1.0684312181,0.0768301532,1.0314347704,1.8920916113,-1.0242316996,0.9990966105
1.8190647936,1.0680494751,0.0779550284,1.0324494810,1.9047716119,-1.0267624970,0.9990904676
1.8313506826,1.0676544652,0.0790784741,1.0334785265,1.9174333510,-1.0292909325,0.9990843247
1.8439369771,1.0672361318,0.0802277075,1.0345475515,1.9303854260,-1.0318787165,0.9990780315
1.8565232716,1.0668040654,0.0813750366,1.0356315225,1.9433176828,-1.0344639691,0.9990717384
1.8691095662,1.0663583670,0.0825202597,1.0367303850,1.9562297969,-1.0370466635,0.9990654452
1.8816958607,1.0658991401,0.0836631770,1.0378440810,1.9691214484,-1.0396267730,0.9990591521
1.8946097340,1.0654140113,0.0848332364,1.0390021168,1.9823270266,-1.0422713193,0.9990526951
1.9075236073,1.0649148705,0.0860004485,1.0401756353,1.9955103942,-1.0449130875,0.9990462382
1.9204374806,1.0644018381,0.0871646037,1.0413645640,2.0086712198,-1.0475520486,0.9990397813
1.9333513539,1.0638750376,0.0883254952,1.0425688273,2.0218091770,-1.0501881738,0.9990333243
1.9466254098,1.0633193271,0.0895151481,1.0438225778,2.0352893948,-1.0528948374,0.9990266873
1.9598994656,1.0627493428,0.0907009165,1.0450923575,2.0487447679,-1.0555984429,0.9990200503
1.9731735215,1.0621652272,0.0918825831,1.0463780736,2.0621749592,-1.0582989589,0.9990134132
1.9864475773,1.0615671256,0.0930599336,1.0476796300,2.0755796371,-1.0609963540,0.9990067762
2.0001214270,1.0609365420,0.0942680075,1.0490368452,2.0893610218,-1.0637716941,0.9989999393
2.0137952766,1.0602914388,0.0954710486,1.0504106511,2.1031146390,-1.0665436550,0.9989931024
2.0274691262,1.0596319829,0.0966688318,1.0518009317,2.1168401468,-1.0693122024,0.9989862654
2.0411429758,1.0589583441,0.0978611352,1.0532075671,2.1305372102,-1.0720773020,0.9989794285
2.0552655563,1.0582478928,0.0990865817,1.0546774019,2.1446535586,-1.0749294874,0.9989723672
2.0693881367,1.0575226885,0.1003057127,1.0561644117,2.1587388624,-1.0777779208,0.9989653059
2.0835107172,1.0567829263,0.1015182948,1.0576684534,2.1727927764,-1.0806225644,0.9989582446
2.0976332976,1.0560288034,0.1027240984,1.0591893799,2.1868149642,-1.0834633805,0.9989511834
2.1122664220,1.0552324825,0.1039661015,1.0607829399,2.2013102487,-1.0864028166,0.9989438668
2.1268995465,1.0544211828,0.1052003384,1.0623942946,2.2157707634,-1.0893380610,0.9989365502
2.1415326709,1.0535951309,0.1064265666,1.0640232684,2.2301961621,-1.0922690716,0.9989292337
2.1561657953,1.0527545558,0.1076445487,1.0656696822,2.2445861085,-1.0951958063,0.9989219171
2.1713898595,1.0518648689,0.1089027143,1.0674008982,2.2595191943,-1.0982361500,0.9989143051
2.1866139237,1.0509599744,0.1101514447,1.0691505831,2.2744131966,-1.1012717727,0.9989066930
2.2018379879,1.0500401365,0.1113904879,1.0709185228,2.2892677704,-1.1043026273,0.9988990810
2.2170620521,1.0491056212,0.1126195973,1.0727044991,2.3040825823,-1.1073286665,0.9988914690
2.2329858148,1.0481127414,0.1138943057,1.0745916173,2.3195353885,-1.1104885786,0.9988835071
2.2489095775,1.0471044048,0.1151576129,1.0764979672,2.3349439867,-1.1136431166,0.9988755452
2.2648333402,1.0460809209,0.1164092555,1.0784232867,2.3503080355,-1.1167922263,0.9988675833
2.2807571029,1.0450426001,0.1176489770,1.0803673094,2.3656272075,-1.1199358537,0.9988596214
2.2975359212,1.0439328151,0.1189420933,1.0824356590,2.3817200690,-1.1232422924,0.9988512320
2.3143147396,1.0428072693,0.1202214109,1.0845241538,2.3977624058,-1.1265425209,0.9988428426
2.3310935579,1.0416663293,0.1214866524,1.0866324689,2.4137538837,-1.1298364757,0.9988344532
2.3478723762,1.0405103621,0.1227375486,1.0887602755,2.4296941853,-1.1331240935,0.9988260638
2.3657464366,1.0392628214,0.1240540233,1.0910480426,2.4466183607,-1.1366192694,0.9988171268
2.3836204969,1.0379990893,0.1253536158,1.0933571440,2.4634837763,-1.1401071057,0.9988081898
2.4014945573,1.0367196097,0.1266360298,1.0956871685,2.4802901099,-1.1435875258,0.9987992527
2.4193686177,1.0354248261,0.1279009790,1.0980377006,2.4970370599,-1.1470604532,0.9987903157
2.4387584740,1.0340034482,0.1292531306,1.1006102701,2.5151367451,-1.1508193378,0.9987806208
2.4581483303,1.0325651451,0.1305840643,1.1032059390,2.5331658861,-1.1545692173,0.9987709258
2.4775381865,1.0311104784,0.1318934536,1.1058241624,2.5511241791,-1.1583099938,0.9987612309
2.4969280428,1.0296400070,0.1331809850,1.1084643916,2.5690113478,-1.1620415697,0.9987515360
2.5187571617,1.0279663301,0.1346039599,1.1114624072,2.5890633217,-1.1662314501,0.9987406214
2.5405862805,1.0262741159,0.1359984427,1.1144868188,2.6090245205,-1.1704094062,0.9987297069
2.5624153993,1.0245641475,0.1373640452,1.1175368275,2.6288946709,-1.1745752985,0.9987187923
2.5842445182,1.0228372016,0.1387003991,1.1206116308,2.6486735409,-1.1787289876,0.9987078777
2.6077040772,1.0209632206,0.1401035623,1.1239428147,2.6698277360,-1.1831791566,0.9986961480
2.6311636362,1.0190714663,0.1414721357,1.1273006990,2.6908760981,-1.1876148973,0.9986844182
2.6546231953,1.0171628741,0.1428057375,1.1306842763,2.7118184914,-1.1920360367,0.9986726884
2.6780827543,1.0152383677,0.1441040109,1.1340925369,2.7326548300,-1.1964424018,0.9986609586
2.7017526500,1.0132814045,0.1453777819,1.1375553444,2.7535704634,-1.2008731245,0.9986491237
2.7254225456,1.0113100929,0.1466149334,1.1410412112,2.7743781060,-1.2052884529,0.9986372887
2.7490924413,1.0093253435,0.1478151726,1.1445490981,2.7950778162,-1.2096882092,0.9986254538
2.7727623369,1.0073280527,0.1489782304,1.1480779675,2.8156696990,-1.2140722157,0.9986136188
2.7952612210,1.0054187514,0.1500490564,1.1514507607,2.8351430261,-1.2182245716,0.9986023694
2.8177601050,1.0034996612,0.1510858739,1.1548406867,2.8545192314,-1.2223623842,0.9985911199
2.8402589890,1.0015715154,0.1520885079,1.1582468596,2.8737985138,-1.2264855010,0.9985798705
2.8627578730,0.9996350340,0.1530568007,1.1616683968,2.8929811056,-1.2305937693,0.9985686211
2.8836177187,0.9978327951,0.1539237508,1.1648536352,2.9106800990,-1.2343893528,0.9985581911
2.9044775645,0.9960245535,0.1547609601,1.1680506264,2.9282964380,-1.2381719195,0.9985477612
2.9253374102,0.9942108537,0.1555683405,1.1712586753,2.9458303790,-1.2419413478,0.9985373313
2.9461972559,0.9923922305,0.1563458154,1.1744770904,2.9632821996,-1.2456975161,0.9985269014
2.9662494913,0.9906398644,0.1570649374,1.1775800328,2.9799812197,-1.2492956473,0.9985168753
2.9863017268,0.9888838917,0.1577563154,1.1806913103,2.9966049130,-1.2528813049,0.9985068491
3.0063539622,0.9871247617,0.1584199096,1.1838103185,3.0131535778,-1.2564543807,0.9984968230
3.0264061977,0.9853629154,0.1590556888,1.1869364566,3.0296275281,-1.2600147667,0.9984867969
3.0460352666,0.9836360347,0.1596510883,1.1900029550,3.0456817759,-1.2634876223,0.9984769824
3.0656643356,0.9819073636,0.1602197989,1.1930751573,3.0616650672,-1.2669481132,0.9984671678
3.0852934046,0.9801772922,0.1607618141,1.1961525110,3.0775777371,-1.2703961378,0.9984573533
3.1049224736,0.9784462030,0.1612771345,1.1992344677,3.0934201329,-1.2738315950,0.9984475388
3.1243137396,0.9767354530,0.1617600075,1.2022830743,3.1090019497,-1.2772129930,0.9984378431
3.1437050055,0.9750244296,0.1622168496,1.2053351207,3.1245158925,-1.2805819295,0.9984281475
3.1630962715,0.9733134799,0.1626476803,1.2083900901,3.1399623289,-1.2839383067,0.9984184519
3.1824875375,0.9716029435,0.1630525254,1.2114474699,3.1553416359,-1.2872820270,0.9984087562
3.2017503530,0.9699044758,0.1634289916,1.2144864815,3.1705529865,-1.2905909701,0.9983991248
3.2210131686,0.9682070635,0.1637798825,1.2175268756,3.1856988639,-1.2938872310,0.9983894934
3.2402759841,0.9665110189,0.1641052396,1.2205681625,3.2007796644,-1.2971707142,0.9983798620
3.2595387997,0.9648166479,0.1644051092,1.2236098567,3.2157957919,-1.3004413236,0.9983702306
3.2787459559,0.9631291363,0.1646787864,1.2266426889,3.2307045478,-1.3036895696,0.9983606270
3.2979531121,0.9614438757,0.1649272300,1.2296749753,3.2455498290,-1.3069248259,0.9983510234
3.3171602683,0.9597611498,0.1651505004,1.2327062476,3.2603320577,-1.3101469977,0.9983414199
3.3363674246,0.9580812356,0.1653486618,1.2357360425,3.2750516626,-1.3133559900,0.9983318163
3.3555708534,0.9564047293,0.1655217520,1.2387633136,3.2897062397,-1.3165510890,0.9983222146
3.3747742822,0.9547315691,0.1656698845,1.2417881949,3.3042990919,-1.3197328237,0.9983126129
3.3939777111,0.9530620137,0.1657931362,1.2448102368,3.3188306648,-1.3229010992,0.9983030111
3.4131811399,0.9513963157,0.1658915874,1.2478289947,3.3333014090,-1.3260558207,0.9982934094
3.4324195318,0.9497317003,0.1659654339,1.2508495141,3.3477379614,-1.3292025995,0.9982837902
3.4516579238,0.9480714462,0.1660145622,1.2538658579,3.3621143830,-1.3323355841,0.9982741710
3.4708963157,0.9464157898,0.1660390636,1.2568775929,3.3764311402,-1.3354546792,0.9982645518
3.4901347076,0.9447649620,0.1660390329,1.2598842908,3.3906887037,-1.3385597892,0.9982549326
3.5094376737,0.9431136728,0.1660144449,1.2628955922,3.4049351079,-1.3416611700,0.9982452812
3.5287406398,0.9414676937,0.1659653605,1.2659009733,3.4191228802,-1.3447482793,0.9982356297
3.5480436059,0.9398272415,0.1658918845,1.2689000158,3.4332525061,-1.3478210207,0.9982259782
3.5673465719,0.9381925275,0.1657941247,1.2718923065,3.4473244741,-1.3508792977,0.9982163267
3.5867428197,0.9365559018,0.1656715439,1.2748918447,3.4614068639,-1.3539376872,0.9982066286
3.6061390674,0.9349254823,0.1655246705,1.2778837436,3.4754320341,-1.3569812771,0.9981969305
3.6255353151,0.9333014680,0.1653536217,1.2808675989,3.4894004875,-1.3600099696,0.9981872323
3.6449315628,0.9316840531,0.1651585174,1.2838430108,3.5033127293,-1.3630236669,0.9981775342
3.6644425590,0.9300639187,0.1649381130,1.2868271078,3.5172510770,-1.3660399658,0.9981677787
3.6839535552,0.9284508412,0.1646936178,1.2898018650,3.5311335765,-1.3690408931,0.9981580232
3.7034645513,0.9268450034,0.1644251610,1.2927668905,3.5449607467,-1.3720263492,0.9981482677
3.7229755475,0.9252465839,0.1641328734,1.2957217975,3.5587331077,-1.3749962344,0.9981385122
3.7426152898,0.9236452845,0.1638147246,1.2986855974,3.5725415222,-1.3779698910,0.9981286924
3.7622550321,0.9220518504,0.1634727022,1.3016383735,3.5862954624,-1.3809275681,0.9981188725
3.7818947744,0.9204664498,0.1631069459,1.3045797461,3.5999954613,-1.3838691644,0.9981090526
3.8015345167,0.9188892468,0.1627175971,1.3075093408,3.6136420526,-1.3867945783,0.9980992327
3.8213135511,0.9173093045,0.1623017880,1.3104474355,3.6273319940,-1.3897242825,0.9980893432
3.8410925856,0.9157379975,0.1618623440,1.3133728376,3.6409688546,-1.3926373673,0.9980794537
3.8608716200,0.9141754807,0.1613994151,1.3162851797,3.6545531798,-1.3955337288,0.9980695642
3.8806506544,0.9126219051,0.1609131524,1.3191840996,3.6680855151,-1.3984132636,0.9980596747
3.9005764740,0.9110659898,0.1603998420,1.3220905989,3.6816662596,-1.4012970483,0.9980497118
3.9205022935,0.9095194445,0.1598631633,1.3249827532,3.6951953497,-1.4041635442,0.9980397489
3.9404281131,0.9079824117,0.1593032757,1.3278602072,3.7086733419,-1.4070126452,0.9980297859
3.9603539327,0.9064550304,0.1587203397,1.3307226108,3.7221007915,-1.4098442453,0.9980198230
3.9804311971,0.9049259394,0.1581098257,1.3335911974,3.7355797380,-1.4126795584,0.9980097844
4.0005084615,0.9034069195,0.1574762432,1.3364438053,3.7490085007,-1.4154968875,0.9979997458
4.0205857259,0.9018981022,0.1568197604,1.3392800915,3.7623876449,-1.4182961240,0.9979897071
4.0406629903,0.9003996156,0.1561405469,1.3420997178,3.7757177350,-1.4210771596,0.9979796685
4.0608936331,0.8989002573,0.1554333256,1.3449236954,3.7891006120,-1.4238609205,0.9979695532
4.0811242759,0.8974116392,0.1547033738,1.3477300837,3.8024348285,-1.4266259802,0.9979594379
4.1013549187,0.8959338827,0.1539508682,1.3505185518,3.8157209574,-1.4293722276,0.9979493225
4.1215855614,0.8944671061,0.1531759868,1.3532887739,3.8289595700,-1.4320995519,0.9979392072
4.1419688114,0.8930004862,0.1523728116,1.3560611145,3.8422505684,-1.4348281990,0.9979290156
4.1623520614,0.8915452444,0.1515472870,1.3588142838,3.8554944899,-1.4375374102,0.9979188240
4.1827353114,0.8901014928,0.1506995979,1.3615479634,3.8686919131,-1.4402270720,0.9979086323
4.2031185614,0.8886693408,0.1498299299,1.3642618399,3.8818434149,-1.4428970708,0.9978984407
4.2236508980,0.8872385491,0.1489318696,1.3669752325,3.8950452648,-1.4455666043,0.9978881746
4.2441832346,0.8858197421,0.1480118888,1.3696679076,3.9082016875,-1.4482159549,0.9978779084
4.2647155712,0.8844130236,0.1470701799,1.3723395597,3.9213132658,-1.4508450067,0.9978676422
4.2852479077,0.8830184951,0.1461069364,1.3749898880,3.9343805804,-1.4534536437,0.9978573760
4.3059229613,0.8816266912,0.1451154342,1.3776367919,3.9474945831,-1.4560596673,0.9978470385
4.3265980149,0.8802474466,0.1441024926,1.3802614770,3.9605648791,-1.4586447551,0.9978367010
4.3472730685,0.8788808580,0.1430683114,1.3828636507,3.9735920537,-1.4612087888,0.9978263635
4.3679481221,0.8775270198,0.1420130910,1.3854430252,3.9865766900,-1.4637516499,0.9978160259
4.3887565336,0.8761774165,0.1409300245,1.3880157304,3.9996027160,-1.4662894152,0.9978056217
4.4095649452,0.8748409142,0.1398260562,1.3905647707,4.0125868299,-1.4688054931,0.9977952175
4.4303733567,0.8735176031,0.1387013927,1.3930898667,4.0255296182,-1.4712997629,0.9977848133
4.4511817683,0.8722075714,0.1375562411,1.3955907439,4.0384316645,-1.4737721039,0.9977744091
4.4721110167,0.8709034149,0.1363839827,1.3980814410,4.0513681237,-1.4762365597,0.9977639445
4.4930402652,0.8696128660,0.1351914204,1.4005470941,4.0642645422,-1.4786785862,0.9977534799
4.5139695136,0.8683360093,0.1339787670,1.4029874375,4.0771215054,-1.4810980606,0.9977430152
4.5348987621,0.8670729277,0.1327462361,1.4054022103,4.0899395958,-1.4834948598,0.9977325506
4.5559329703,0.8658174726,0.1314877132,1.4078030712,4.1027833880,-1.4858807090,0.9977220335
4.5769671784,0.8645760942,0.1302095477,1.4101775894,4.1155890877,-1.4882434062,0.9977115164
4.5980013866,0.8633488722,0.1289119584,1.4125255136,4.1283572777,-1.4905828269,0.9977009993
4.6190355947,0.8621358847,0.1275951650,1.4148465968,4.1410885379,-1.4928988461,0.9976904822
4.6401553262,0.8609323642,0.1262539181,1.4171498680,4.1538349881,-1.4952006122,0.9976799223
4.6612750577,0.8597433483,0.1248937561,1.4194255936,4.1665453703,-1.4974785342,0.9976693625
4.6823947891,0.8585689125,0.1235149034,1.4216735366,4.1792202627,-1.4997324859,0.9976588026
4.7035145206,0.8574091310,0.1221175849,1.4238934645,4.1918602407,-1.5019623410,0.9976482427
4.7246965817,0.8562607195,0.1206978219,1.4260915749,4.2045030288,-1.5041744466,0.9976376517
4.7458786427,0.8551271953,0.1192599393,1.4282610484,4.2171118465,-1.5063620589,0.9976270607
4.7670607038,0.8540086302,0.1178041663,1.4304016630,4.2296872657,-1.5085250503,0.9976164696
4.7882427648,0.8529050952,0.1163307325,1.4325132005,4.2422298553,-1.5106632937,0.9976058786
4.8094600267,0.8518148640,0.1148373766,1.4345988831,4.2547609449,-1.5127801527,0.9975952700
4.8306772885,0.8507398527,0.1133267648,1.4366549663,4.2672602301,-1.5148719255,0.9975846614
4.8518945504,0.8496801300,0.1117991304,1.4386812433,4.2797282741,-1.5169384839,0.9975740527
4.8731118122,0.8486357639,0.1102547071,1.4406775112,4.2921656379,-1.5189797000,0.9975634441
4.8943330683,0.8476066296,0.1086934342,1.4426439380,4.3045752123,-1.5209958228,0.9975528335
4.9155543245,0.8465929918,0.1071158364,1.4445799498,4.3169552087,-1.5229863376,0.9975422228
4.9367755806,0.8455949169,0.1055221501,1.4464853551,4.3293061803,-1.5249511163,0.9975316122
4.9579968367,0.8446124703,0.1039126124,1.4483599662,4.3416286775,-1.5268900308,0.9975210016
4.9791867134,0.8436471352,0.1022898757,1.4502008960,4.3539050888,-1.5288001437,0.9975104066
5.0003765901,0.8426975115,0.1006518093,1.4520107596,4.3661541993,-1.5306842136,0.9974998117
5.0215664668,0.8417636633,0.0989986519,1.4537893812,4.3783765497,-1.5325421129,0.9974892168
5.0427563434,0.8408456541,0.0973306428,1.4555365886,4.3905726781,-1.5343737142,0.9974786218
5.0638752722,0.8399465408,0.0956536802,1.4572465217,4.4027024136,-1.5361728901,0.9974680624
5.0849942010,0.8390632855,0.0939624425,1.4589249196,4.4148071630,-1.5379456909,0.9974575029
5.1061131298,0.8381959503,0.0922571695,1.4605716221,4.4268874526,-1.5396919903,0.9974469434
5.1272320586,0.8373445967,0.0905381017,1.4621864725,4.4389438060,-1.5414116621,0.9974363840
5.1482363170,0.8365137782,0.0888149243,1.4637608100,4.4509114716,-1.5430954603,0.9974258818
5.1692405754,0.8356988892,0.0870785788,1.4653033413,4.4628564879,-1.5447526702,0.9974153797
5.1902448338,0.8348999899,0.0853293045,1.4668139221,4.4747793642,-1.5463831676,0.9974048776
5.2112490922,0.8341171401,0.0835673419,1.4682924114,4.4866806079,-1.5479868283,0.9973943755
5.2320909028,0.8333562675,0.0818067026,1.4697276099,4.4984689231,-1.5495514376,0.9973839545
5.2529327134,0.8326113143,0.0800340447,1.4711309440,4.5102369290,-1.5510893800,0.9973735336
5.2737745239,0.8318823386,0.0782496060,1.4725022851,4.5219851163,-1.5526005343,0.9973631127
5.2946163345,0.8311693986,0.0764536250,1.4738415075,4.5337139736,-1.5540847790,0.9973526918
5.3152439954,0.8304796304,0.0746649680,1.4751352239,4.5453037620,-1.5555271578,0.9973423780
5.3358716562,0.8298056833,0.0728654729,1.4763972421,4.5568755640,-1.5569429408,0.9973320642
5.3564993171,0.8291476135,0.0710553741,1.4776274492,4.5684298490,-1.5583320104,0.9973217503
5.3771269780,0.8285054774,0.0692349069,1.4788257346,4.5799670852,-1.5596942487,0.9973114365
5.3974849752,0.8278874133,0.0674283035,1.4799769514,4.5913372357,-1.5610122565,0.9973012575
5.4178429723,0.8272849780,0.0656120595,1.4810968702,4.6026916824,-1.5623039025,0.9972910785
5.4382009694,0.8266982257,0.0637864044,1.4821853927,4.6140308717,-1.5635690735,0.9972808995
5.4585589665,0.8261272106,0.0619515685,1.4832424233,4.6253552489,-1.5648076565,0.9972707205
5.4785879787,0.8255808335,0.0601376485,1.4842515494,4.6364826004,-1.5660001672,0.9972607060
5.4986169909,0.8250497935,0.0583152872,1.4852300169,4.6475964669,-1.5671667251,0.9972506915
5.5186460031,0.8245341425,0.0564847070,1.4861777420,4.6586972694,-1.5683072226,0.9972406770
5.5386750153,0.8240339323,0.0546461313,1.4870946434,4.6697854283,-1.5694215518,0.9972306625
5.5583116869,0.8235585608,0.0528360250,1.4879635837,4.6806445159,-1.5704885448,0.9972208442
5.5779483586,0.8230981303,0.0510186614,1.4888027476,4.6914922484,-1.5715301797,0.9972110258
5.5975850302,0.8226526901,0.0491942542,1.4896120651,4.7023290201,-1.5725463551,0.9972012075
5.6172217018,0.8222222895,0.0473630176,1.4903914681,4.7131552244,-1.5735369696,0.9971913891
5.6363979853,0.8218165418,0.0455683302,1.4911236640,4.7237177824,-1.5744795925,0.9971818010
5.6555742687,0.8214252300,0.0437675370,1.4918272095,4.7342710030,-1.5753976477,0.9971722129
5.6747505521,0.8210484004,0.0419608407,1.4925020473,4.7448152513,-1.5762910406,0.9971626247
5.6939268356,0.8206860991,0.0401484447,1.4931481217,4.7553508919,-1.5771596767,0.9971530366
5.7125685977,0.8203478674,0.0383812981,1.4937485648,4.7655849562,-1.5779802793,0.9971437157
5.7312103599,0.8200234521,0.0366091472,1.4943217277,4.7758115648,-1.5787773100,0.9971343948
5.7498521220,0.8197128961,0.0348321815,1.4948675646,4.7860310521,-1.5795506817,0.9971250739
5.7684938842,0.8194162422,0.0330505915,1.4953860317,4.7962437520,-1.5803003079,0.9971157531
5.7865182534,0.8191426729,0.0313237887,1.4958612627,4.8061120797,-1.5810024466,0.9971067409
5.8045426226,0.8188821794,0.0295930157,1.4963108305,4.8159746760,-1.5816822268,0.9970977287
5.8225669918,0.8186348008,0.0278584472,1.4967346998,4.8258318427,-1.5823395700,0.9970887165
5.8405913610,0.8184005762,0.0261202587,1.4971328369,4.8356838813,-1.5829743977,0.9970797043
5.8579018233,0.8181880481,0.0244476720,1.4974909511,4.8451411544,-1.5835628129,0.9970710491
5.8752122857,0.8179877237,0.0227720659,1.4978252742,4.8545942429,-1.5841303190,0.9970623939
5.8925227481,0.8177996378,0.0210935980,1.4981357803,4.8640434141,-1.5846768464,0.9970537386
5.9098332105,0.8176238255,0.0194124267,1.4984224445,4.8734889353,-1.5852023256,0.9970450834
5.9263103127,0.8174679106,0.0178098242,1.4986731391,4.8824765839,-1.5856828911,0.9970368448
5.9427874150,0.8173231779,0.0162050543,1.4989021919,4.8914613984,-1.5861442633,0.9970286063
5.9592645172,0.8171896577,0.0145982552,1.4991095849,4.9004436095,-1.5865863822,0.9970203677
5.9757416195,0.8170673803,0.0129895661,1.4992953011,4.9094234482,-1.5870091879,0.9970121292
5.9912238719,0.8169627581,0.0114764083,1.4994500367,4.9178591493,-1.5873888128,0.9970043881
6.0067061244,0.8168681141,0.0099618214,1.4995856077,4.9262931517,-1.5877512835,0.9969966469
6.0221883769,0.8167834738,0.0084459223,1.4997020023,4.9347256474,-1.5880965504,0.9969889058
6.0376706294,0.8167088623,0.0069288283,1.4997992100,4.9431568286,-1.5884245637,0.9969811647
6.0519087299,0.8166491207,0.0055326943,1.4998716614,4.9509094860,-1.5887109456,0.9969740456
6.0661468305,0.8165979020,0.0041357413,1.4999278702,4.9586613441,-1.5889826548,0.9969669266
6.0803849310,0.8165552261,0.0027380619,1.4999678300,4.9664125529,-1.5892396525,0.9969598075
6.0946230315,0.8165211126,0.0013397486,1.4999915348,4.9741632624,-1.5894819000,0.9969526885
6.0980319018,0.8165142178,0.0010048823,1.4999947978,4.9760188713,-1.5895377059,0.9969509840
6.1014407721,0.8165078152,0.0006699863,1.4999971287,4.9778744622,-1.5895926635,0.9969492796
6.1048496424,0.8165019051,0.0003350618,1.4999985274,4.9797300372,-1.5896467724,0.9969475752
6.1082585127,0.8164964878,0.0000001102,1.4999989939,4.9815855984,-1.5897000319,0.9969458707
